Kingdom,Phylum,Class,Order,Family,Genus,Species,Strain,scaff_non_virus.fasta
Bacteria,Pseudomonadota,Betaproteobacteria,Burkholderiales,Comamonadaceae,Comamonas,Comamonas_serinivorans,DSM_26136,1.3285931111704534
Bacteria,Pseudomonadota,Gammaproteobacteria,Moraxellales,Moraxellaceae,Acinetobacter,Acinetobacter_gerneri,MTCC_9824,1.9070452525012709
Bacteria,Pseudomonadota,Betaproteobacteria,Neisseriales,Neisseriaceae,Alysiella,Alysiella_filiformis,DSM_16848,0.5306147457802622
Bacteria,Actinomycetota,Actinomycetes,Bifidobacteriales,Bifidobacteriaceae,Alloscardovia,Alloscardovia_macacae,DSM_24762,0.02314598054612873
Bacteria,Campylobacterota,Epsilonproteobacteria,Campylobacterales,Helicobacteraceae,Helicobacter,Helicobacter_cetorum,MIT_99-5656,0.21496837337013813
Bacteria,Pseudomonadota,Gammaproteobacteria,Moraxellales,Moraxellaceae,Acinetobacter,Acinetobacter_guillouiae,CIP_6346,0.3595204722076345
Bacteria,Pseudomonadota,Gammaproteobacteria,Moraxellales,Moraxellaceae,Acinetobacter,Acinetobacter_apis,JCM_18575,1.1921666868192453
Bacteria,Pseudomonadota,Alphaproteobacteria,Acetobacterales,Acetobacteraceae,Asaia,Asaia_platycodi,JCM_25414,1.8390920368717023
Bacteria,Pseudomonadota,Alphaproteobacteria,Parvularculales,Parvularculaceae,Parvularcula,Parvularcula_oceani,JLT2013,0.22334652053739407
Bacteria,Bacillota,Bacilli,Caryophanales,Alicyclobacillaceae,Alicyclobacillus,Alicyclobacillus_acidiphilus,NBRC_100859,0.10127155621841447
Bacteria,Pseudomonadota,Alphaproteobacteria,Holosporales,Holosporaceae,Candidatus_Hepatobacter,Candidatus_Hepatobacter_penaei,NHPB,0.8045303351786014
Bacteria,Pseudomonadota,Alphaproteobacteria,Rhodobacterales,Paracoccaceae,Halocynthiibacter,Halocynthiibacter_namhaensis,RA2-3,1.251777300856782
Bacteria,Thermodesulfobacteriota,Desulfovibrionia,Desulfovibrionales,Desulfothermaceae,Desulfothermus,Desulfothermus_okinawensis,JCM_13304,0.6790888660292221
Bacteria,Cyanobacteriota,Cyanophyceae,Nodosilineales,Cymatolegaceae,Dactylococcopsis,Dactylococcopsis_salina,PCC_8305,1.2510708407691047
Bacteria,Campylobacterota,Epsilonproteobacteria,Campylobacterales,Helicobacteraceae,Helicobacter,Helicobacter_macacae,MIT_99-5501,0.970972806677522
Bacteria,Thermotogota,Thermotogae,Thermotogales,Thermotogaceae,Pseudothermotoga,Pseudothermotoga_caldifontis,AZM44c09,0.320513280367691
Bacteria,Pseudomonadota,Betaproteobacteria,Burkholderiales,Alcaligenaceae,Taylorella,Taylorella_asinigenitalis,ATCC_700933,2.519973689703755
Bacteria,Chlamydiota,Chlamydiia,Parachlamydiales,Parachlamydiaceae,Candidatus_Protochlamydia,Candidatus_Protochlamydia_phocaeensis,C2,0.16605920307798228
Bacteria,Pseudomonadota,Alphaproteobacteria,Rhodobacterales,Paracoccaceae,Amylibacter,Amylibacter_marinus,NBRC_110140,0.7639445610631955
Bacteria,Campylobacterota,Epsilonproteobacteria,Campylobacterales,Helicobacteraceae,Helicobacter,Helicobacter_marmotae,MIT_98-6070,0.034115696913165273
Bacteria,Pseudomonadota,Betaproteobacteria,Neisseriales,Neisseriaceae,Alysiella,Alysiella_crassa,S6,0.6113593928100242
Bacteria,Pseudomonadota,Alphaproteobacteria,Geminicoccales,Geminicoccaceae,Tistrella,Tistrella_mobilis,TISTR_1108,1.3807148046874176
Bacteria,Nitrospirota,Nitrospiria,Nitrospirales,Nitrospiraceae,Candidatus_Magnetominusculus,Candidatus_Magnetominusculus_xianensis,HCH-1,1.4080296428422563
Bacteria,Bacillota,Bacilli,Caryophanales,Alicyclobacillaceae,Sulfoacidibacillus,Sulfoacidibacillus_thermotolerans,Y002,1.1582365681384619
Bacteria,Pseudomonadota,Alphaproteobacteria,Acetobacterales,Roseomonadaceae,Roseomonas,Teichococcus_deserti,M3,1.075847338807085
Bacteria,Pseudomonadota,Gammaproteobacteria,Cardiobacteriales,Cardiobacteriaceae,Rappaport,Rappaport_israeli,B08008,0.13649948590836244
Bacteria,Pseudomonadota,Alphaproteobacteria,Sphingomonadales,Sphingorhabdaceae,Allosphingorhabdus,Allosphingorhabdus_lutea,LPB0140,0.32396393061051143
Bacteria,Pseudomonadota,Alphaproteobacteria,Rhodobacterales,Paracoccaceae,Marivivens,Marivivens_niveibacter,MCCC_1A06712,0.9339576096657946
Bacteria,Pseudomonadota,Alphaproteobacteria,Rhodobacterales,Paracoccaceae,Paracoccus,Paracoccus_contaminans,RKI_16-01929TLMG_29738TCCM_8701TCIP_111112T,0.695056996142113
Bacteria,Pseudomonadota,Gammaproteobacteria,Moraxellales,Moraxellaceae,Acinetobacter,Acinetobacter_chinensis,WCHAc010005,0.2942841950115925
Bacteria,Pseudomonadota,Gammaproteobacteria,Pasteurellales,Psittacicellaceae,Psittacicella,Psittacicella_melopsittaci,B96_4,1.0013385280348084
Bacteria,Campylobacterota,Epsilonproteobacteria,Campylobacterales,Helicobacteraceae,Helicobacter,Helicobacter_acinonychis,NCTC12686,1.0250311643082304
Bacteria,Pseudomonadota,Gammaproteobacteria,Moraxellales,Moraxellaceae,Acinetobacter,Acinetobacter_sichuanensis,KCTC_62575,0.4602400379520073
Bacteria,Pseudomonadota,Betaproteobacteria,Burkholderiales,unclassified_Burkholderiales_family,Aquabacterium,Aquabacterium_soli,SJQ9,0.20116794111620032
Bacteria,Planctomycetota,Phycisphaerae,Phycisphaerales,Phycisphaeraceae,Poriferisphaera,Poriferisphaera_corsica,KS4,3.44218382412484
Bacteria,Pseudomonadota,Betaproteobacteria,Burkholderiales,Burkholderiaceae,Paraburkholderia,Paraburkholderia_flava,LD6,1.4416990477941853
Bacteria,Pseudomonadota,Betaproteobacteria,Burkholderiales,Sphaerotilaceae,Methylibium,Methylibium_rhizosphaerae,C1-9,0.8364759238893132
Bacteria,Pseudomonadota,Gammaproteobacteria,Moraxellales,Moraxellaceae,Acinetobacter,Acinetobacter_pullicarnis,S23,6.0989799252384485
Bacteria,Pseudomonadota,Gammaproteobacteria,Moraxellales,Moraxellaceae,Acinetobacter,Acinetobacter_shaoyimingii,323-1,1.944932830784506
Bacteria,Pseudomonadota,Gammaproteobacteria,Alteromonadales,Shewanellaceae,Shewanella,Shewanella_salipaludis,SHSM-M6,0.35521074510344053
Bacteria,Pseudomonadota,Betaproteobacteria,Burkholderiales,Sphaerotilaceae,Pseudaquabacterium,Pseudaquabacterium_terrae,S2,1.1837067467209827
Bacteria,Pseudomonadota,Alphaproteobacteria,Sphingomonadales,Sphingosinicellaceae,Sandaracinobacteroides,Sandaracinobacteroides_saxicola,M6,0.13389404065666657
Bacteria,Actinomycetota,Actinomycetes,Micrococcales,Brevibacteriaceae,Brevibacterium,Brevibacterium_gallinarum,Re57,3.6381086469877597
Bacteria,Bacillota,Clostridia,Eubacteriales,Clostridiaceae,Proteiniclasticum,Proteiniclasticum_aestuarii,SCR006,1.2664304350954758
Bacteria,Pseudomonadota,Gammaproteobacteria,Oceanospirillales,Halomonadaceae,Cobetia,Cobetia_marina,JCM_21022,1.3498864093579999
Bacteria,Campylobacterota,Epsilonproteobacteria,Campylobacterales,Helicobacteraceae,Helicobacter,Helicobacter_gastrofelis,NHP19-012,1.2704267967951994
Bacteria,Pseudomonadota,Alphaproteobacteria,Sphingomonadales,Sphingomicrobiaceae,Sphingomicrobium,Sphingomicrobium_clamense,B8,2.926364511833825
Bacteria,Pseudomonadota,Alphaproteobacteria,Rhodobacterales,Roseobacteraceae,Loktanella,Loktanella_gaetbuli,TSTF-M6,1.3205099241490639
Bacteria,Pseudomonadota,Gammaproteobacteria,Moraxellales,Moraxellaceae,Nasibacterium,Nasibacterium_caprae,ZY210820,0.6946884884157493
Archaea,Candidatus_Nanohalarchaeota,unclassified_Candidatus_Nanohalarchaeota_class,unclassified_Candidatus_Nanohalarchaeota_order,unclassified_Candidatus_Nanohalarchaeota_family,Candidatus_Nanohalococcus,Candidatus_Nanohalococcus_occultus,SVXNc,0.09851064376495414
Bacteria,Bacillota,Clostridia,Eubacteriales,unclassified_Eubacteriales_family,Bovifimicola,Bovifimicola_ammoniilytica,Sanger_97,0.7505876893413886
Bacteria,Pseudomonadota,Gammaproteobacteria,Enterobacterales,Morganellaceae,Providencia,Providencia_zhijiangensis,D4759,1.390424545884651
Bacteria,Actinomycetota,Actinomycetes,Bifidobacteriales,Bifidobacteriaceae,Bifidobacterium,Bifidobacterium_fermentum,WK012_4_13,0.3267252967792409
Bacteria,Pseudomonadota,Gammaproteobacteria,Pseudomonadales,Pseudomonadaceae,Pseudomonas,Pseudomonas_alabamensis,22-AL-CL-001,0.39236536455409465
Bacteria,Bacillota,Clostridia,Eubacteriales,Oscillospiraceae,Bengtsoniella,Bengtsoniella_intestinalis,BP47G,0.4619340599634137
Bacteria,Pseudomonadota,Alphaproteobacteria,Sphingomonadales,Sphingobiaceae,Sphingobium,Sphingobium_salicis,HT1-2,7.8610185517160565
Bacteria,Bacillota,Clostridia,Lachnospirales,Lachnospiraceae,Blautia,Blautia_acetica,HA2174,0.19026226347205724
Bacteria,Pseudomonadota,Alphaproteobacteria,Parvularculales,Parvularculaceae,Parvularcula,Parvularcula_bermudensis,HTCC2503,0.19038840548071312
Bacteria,Cyanobacteriota,Cyanophyceae,Prochlorotrichales,Prochlorotrichaceae,Prochlorothrix,Prochlorothrix_hollandica,PCC_9006,3.996527564621286
Bacteria,Pseudomonadota,Betaproteobacteria,Burkholderiales,unclassified_Burkholderiales_family,Aquabacterium,Aquabacterium_humicola,RJY3,0.3770197852453178
Bacteria,Chlamydiota,Chlamydiia,Parachlamydiales,Simkaniaceae,Simkania,Simkania_negevensis,Z,4.597355107746046
Bacteria,Chlamydiota,Chlamydiia,Chlamydiales,Chlamydiaceae,Chlamydia,Chlamydia_pecorum,E58,0.603049030384138
Bacteria,Pseudomonadota,Alphaproteobacteria,Sphingomonadales,Rhizorhabdaceae,Rhizorhabdus,Rhizorhabdus_antheiae,FW153,3.06899190985121
Bacteria,Pseudomonadota,Alphaproteobacteria,Sphingomonadales,Sphingomonadaceae,Sphingomonas,Sphingomonas_cellulosilytica,CLY1604,0.14258101382309793
Archaea,Thermoproteota,Thermoprotei,Thermoproteales,Thermoproteaceae,Caldivirga,Caldivirga_maquilingensis,IC-167,1.0796755418016628
Bacteria,Pseudomonadota,Gammaproteobacteria,Moraxellales,Moraxellaceae,Acinetobacter,Acinetobacter_junii,NCTC12153,1.7852827839684413
Bacteria,Pseudomonadota,Gammaproteobacteria,Moraxellales,Moraxellaceae,Acinetobacter,Acinetobacter_rudis,CIP_110305,0.4130472975127453
Bacteria,Pseudomonadota,Alphaproteobacteria,Sphingomonadales,Sphingopyxidaceae,Sphingopyxis,Sphingopyxis_terrae,CCM_7428,0.7560391209586549
Bacteria,Pseudomonadota,Alphaproteobacteria,Acetobacterales,Acetobacteraceae,Novacetimonas,Novacetimonas_hansenii,NBRC_14820,0.33510389703591964
Bacteria,Bacillota,Clostridia,Lachnospirales,Lachnospiraceae,Blautia,Blautia_hydrogenotrophica,DSM_10507,0.023986795381176592
Bacteria,Pseudomonadota,Gammaproteobacteria,Moraxellales,Moraxellaceae,Moraxella,Moraxella_nonliquefaciens,CCUG_348,1.2537824215882925
Bacteria,Pseudomonadota,Betaproteobacteria,Burkholderiales,Sphaerotilaceae,Ideonella,Ideonella_azotifigens,CCUG_75669T,8.271773079861115
Bacteria,Synergistota,Synergistia,Synergistales,Synergistaceae,Thermanaerovibrio,Thermanaerovibrio_acidaminovorans,DSM_6589,0.008439410609912486
Archaea,Thermoproteota,Thermoprotei,Desulfurococcales,Desulfurococcaceae,Sulfophobococcus,Sulfophobococcus_zilligii,JCM_10309,0.09089212841190969
Bacteria,Pseudomonadota,Alphaproteobacteria,Sphingomonadales,Sphingomonadaceae,Sphingomonas,Sphingomonas_hankookensis,KCTC_22579,1.2837574896715367
Bacteria,Actinomycetota,Actinomycetes,Kitasatosporales,Streptomycetaceae,Streptomyces,Streptomyces_lilacinus,NRRL_B-1968,0.3141749376005869
Bacteria,Actinomycetota,Actinomycetes,Micromonosporales,Micromonosporaceae,Actinoplanes,Actinoplanes_liguriensis,NRRL_B-16723,1.0877669764766182
Bacteria,Chlamydiota,Chlamydiia,Chlamydiales,Chlamydiaceae,Chlamydia,Chlamydia_abortus,GIMC_2006:CabB577,0.3679814185008398
Bacteria,Bdellovibrionota,Bacteriovoracia,Bacteriovoracales,Halobacteriovoraceae,Halobacteriovorax,Halobacteriovorax_marinus,SJ,0.217957565274541
Archaea,Methanobacteriota,Halobacteria,Halobacteriales,Haloarculaceae,Halovenus,Halovenus_rubra,JCM_17269,1.406380882395709
Bacteria,Pseudomonadota,Gammaproteobacteria,Moraxellales,Moraxellaceae,Lwoffella,Lwoffella_lincolnii,CCUG_9405,1.0987913379641943
Bacteria,Pseudomonadota,Alphaproteobacteria,Hyphomicrobiales,Aurantimonadaceae,Fulvimarina,Fulvimarina_manganoxydans,CGMCC_110972,0.30090212554500617
Bacteria,Campylobacterota,Desulfurellia,Desulfurellales,Hippeaceae,Hippea,Hippea_alviniae,EP5-r,0.24057082692521192
Bacteria,Pseudomonadota,Alphaproteobacteria,Acetobacterales,Roseomonadaceae,Humitalea,Humitalea_rosea,DSM_24525,0.12491548024627983
